{ "a": "Mozilla\/5.0 (Windows NT 6.1; WOW64) AppleWebKit\/535.11 (KHTML, like Gecko) Chrome\/17.0.963.78 Safari\/535.11", "c": "US", "nk": 1, "tz": "America\/New_York", "gr": "MA", "g": "A6qOVH", "h": "wfLQtf", "l": "orofrog", "al": "en-US,en;q=0.8", "hh": "1.usa.gov", "r": "http:\/\/www.facebook.com\/l\/7AQEFzjSi\/1.usa.gov\/wfLQtf", "u": "http:\/\/www.ncbi.nlm.nih.gov\/pubmed\/22415991", "t": 1333307030, "hc": 1333307037, "cy": "Danvers", "ll": [ 42.576698, -70.954903 ] }
{ "a": "GoogleMaps\/RochesterNY", "c": "US", "nk": 0, "tz": "America\/Denver", "gr": "UT", "g": "mwszkS", "h": "mwszkS", "l": "bitly", "hh": "j.mp", "r": "http:\/\/www.AwareMap.com\/", "u": "http:\/\/www.monroecounty.gov\/etc\/911\/rss.php", "t": 1331923249, "hc": 1308262393, "cy": "Provo", "ll": [ 40.218102, -111.613297 ] }
{ "a": "Mozilla\/4.0 (Windows NT 6.1; MSIE 8.0; Windows NT 6.1; WOW64; Trident\/4.0; SLCC2; .NET CLR 2.0.50727; .NET CLR 3.5.30729; .NET CLR 3.0.30729; Media Center PC 6.0; .NET4.0C; .NET4.0E; InfoPath.3)", "c": "US", "nk": 1, "tz": "America\/New_York", "gr": "DC", "g": "xxr3Qb", "h": "xxr3Qb", "l": "bitly", "al": "en-US", "hh": "1.usa.gov", "r": "http:\/\/t.co\/03elZC4Q", "u": "http:\/\/boxer.senate.gov\/en\/press\/releases\/031612.cfm", "t": 1333407030, "hc": 1333407035, "cy": "Washington", "ll": [ 38.900700, -77.043098 ] }
{ "a": "Mozilla\/5.0 (Macintosh; Intel Mac OS X 10_6_8) AppleWebKit\/534.52.7 (KHTML, like Gecko) Version\/5.1.2 Safari\/534.52.7", "c": "BR", "nk": 0, "tz": "America\/Sao_Paulo", "gr": "27", "g": "zCaLwp", "h": "zUtuOu", "l": "alelex88", "al": "pt-br", "hh": "1.usa.gov", "r": "direct", "u": "http:\/\/apod.nasa.gov\/apod\/ap120312.html", "t": 1333507030, "hc": 1333507044, "cy": "Braz", "ll": [ -23.549999, -46.616699 ] }
{ "a": "Mozilla\/5.0 (Windows NT 6.1; WOW64) AppleWebKit\/535.11 (KHTML, like Gecko) Chrome\/17.0.963.79 Safari\/535.11", "c": "US", "nk": 0, "tz": "America\/New_York", "gr": "MA", "g": "9b6kNl", "h": "9b6kNl", "l": "bitly", "al": "en-US,en;q=0.8", "hh": "bit.ly", "r": "http:\/\/www.shrewsbury-ma.gov\/selco\/", "u": "http:\/\/www.shrewsbury-ma.gov\/egov\/gallery\/134127368672998.png", "t": 1333607030, "hc": 1333607039, "cy": "Shrewsbury", "ll": [ 42.286499, -71.714699 ] }
{ "a": "Mozilla\/5.0 (Windows NT 6.1; WOW64) AppleWebKit\/535.11 (KHTML, like Gecko) Chrome\/17.0.963.79 Safari\/535.11", "c": "US", "nk": 0, "tz": "America\/New_York", "gr": "MA", "g": "axNK8c", "h": "axNK8c", "l": "bitly", "al": "en-US,en;q=0.8", "hh": "bit.ly", "r": "http:\/\/www.shrewsbury-ma.gov\/selco\/", "u": "http:\/\/www.shrewsbury-ma.gov\/egov\/gallery\/134127368675393.png", "t": 1333707030, "hc": 1333707048, "cy": "Shrewsbury", "ll": [ 42.286499, -71.714699 ] }
{ "a": "Mozilla\/5.0 (Windows NT 5.1) AppleWebKit\/535.11 (KHTML, like Gecko) Chrome\/17.0.963.79 Safari\/535.11", "c": "PL", "nk": 0, "tz": "Europe\/Warsaw", "gr": "77", "g": "wcndER", "h": "zkpJBR", "l": "bnjacobs", "al": "pl-PL,pl;q=0.8,en-US;q=0.6,en;q=0.4", "hh": "1.usa.gov", "r": "http:\/\/plus.url.google.com\/url?sa=z&n=1331923253510&url=http%3A%2F%2F1.usa.gov%2FzkpJBR&usg=TF5iGSqK1_GSADtHqTqjuUZyMIY.", "u": "http:\/\/www.nasa.gov\/mission_pages\/nustar\/main\/index.html", "t": 1333807030, "hc": 1333807040, "cy": "Luban", "ll": [ 51.116699, 15.283300 ] }
{ "a": "Mozilla\/5.0 (Windows NT 6.1; rv:2.0.1) Gecko\/20100101 Firefox\/4.0.1", "c": null, "nk": 0, "tz": "", "g": "wcndER", "h": "zkpJBR", "l": "bnjacobs", "al": "bg,en-us;q=0.7,en;q=0.3", "hh": "1.usa.gov", "r": "http:\/\/www.facebook.com\/", "u": "http:\/\/www.nasa.gov\/mission_pages\/nustar\/main\/index.html", "t": 1334007036, "hc": 13340070364 }
{ "a": "Opera\/9.80 (Ubuntu 14.04.6; Linux zbov; U; en) Presto\/2.10.254 Version\/12.00", "c": null, "nk": 0, "tz": "", "g": "wcndER", "h": "zkpJBR", "l": "bnjacobs", "al": "en-US, en", "hh": "1.usa.gov", "r": "http:\/\/www.facebook.com\/l.php?u=http%3A%2F%2F1.usa.gov%2FzkpJBR&h=fAQG5ntSGAQHqKPlWzuJKUA9LYeckHZCUxvjQipJDd7Rmmw", "u": "http:\/\/www.nasa.gov\/mission_pages\/nustar\/main\/index.html", "t": 1333907030, "hc": 1333907042 }
{ "a": "Mozilla\/5.0 (Windows NT 6.1; WOW64) AppleWebKit\/535.11 (KHTML, like Gecko) Chrome\/17.0.963.79 Safari\/535.11", "c": null, "nk": 0, "tz": "", "g": "zCaLwp", "h": "zUtuOu", "l": "alelex88", "al": "pt-BR,pt;q=0.8,en-US;q=0.6,en;q=0.4", "hh": "1.usa.gov", "r": "http:\/\/t.co\/o1Pd0WeV", "u": "http:\/\/apod.nasa.gov\/apod\/ap120312.html", "t": 1334007030, "hc": 1334007040 }
{ "a": "Mozilla\/5.0 (Windows NT 6.1; WOW64; rv:10.0.2) Gecko\/20100101 Firefox\/10.0.2", "c": "US", "nk": 1, "tz": "America\/Los_Angeles", "gr": "WA", "g": "vNJS4H", "h": "u0uD9q", "l": "o_4us71ccioa", "al": "en-us,en;q=0.5", "hh": "1.usa.gov", "r": "direct", "u": "https:\/\/www.nysdot.gov\/rexdesign\/design\/community.gif", "t": 1334107030, "hc": 1334107040, "cy": "Seattle", "ll": [ 47.595100, -122.332603 ] }
{ "a": "Mozilla\/5.0 (Macintosh; U; Intel Mac OS X 10.4; en-US; rv:1.9.2.27) Gecko\/20120216 Firefox\/3.6.27", "c": "US", "nk": 0, "tz": "America\/New_York", "gr": "DC", "g": "wG7OIH", "h": "A0nRz4", "l": "darrellissa", "al": "en-us,en;q=0.5", "hh": "1.usa.gov", "r": "http:\/\/t.co\/ND7SoPyo", "u": "http:\/\/oversight.house.gov\/wp-content\/uploads\/2012\/03\/2012-3-15-FOIA-Management-Scorecard.pdf", "t": 1334207040, "hc": 1334207043, "cy": "Washington", "ll": [ 38.937599, -77.092796 ] }
